{
  "300750": 1772413796.942623,
  "688372": 1772466799.884558
}